{"loss": 0.6866626739501953, "val_loss": 0.6974889636039734, "val_ema_loss": 0.7073273062705994, "grad_norm": 0.07738914340734482, "lr": 2.5e-05, "step": 250, "epoch": 0.1717032967032967, "samples": 16000, "_timestamp": 1680280371.4503725, "_runtime": 451.4144694805145, "_step": 250, "_wandb": {"runtime": 488}}